TotalEnvSteps,seed_0_reward,seed_0_cost,seed_1_reward,seed_1_cost,seed_2_reward,seed_2_cost,seed_3_reward,seed_3_cost,seed_4_reward,seed_4_cost,reward_mean,reward_std,cost_mean,cost_std
20000.0,-0.573676347732544,62.4375,-1.8136558532714844,56.5625,-1.0085129737854004,63.9375,0.453442245721817,49.875,-0.2692075669765472,51.125,-0.6423220992088318,0.7550820767320084,56.7875,5.708628337875921
40000.0,0.1349161565303802,49.0,-1.5317351818084717,34.5,-0.4113523364067077,86.84375,0.5493538975715637,72.21875,-0.0454104393720626,50.875,-0.26084558069705965,0.7067213749541074,58.6875,18.52450868106898
60000.0,0.916899025440216,68.77083587646484,-0.9950211644172668,29.27083396911621,-0.1701539754867553,75.52083587646484,0.9671485424041748,61.0625,0.2564964294433594,60.0625,0.1950737714767456,0.7308380334474066,58.93750114440918,15.859343281731462
80000.0,1.3913233280181885,77.15625,-0.4567155838012695,36.015625,0.4255112409591675,77.234375,1.2921934127807615,78.921875,0.6086233258247375,64.25,0.6521871447563171,0.6691599739377905,66.715625,16.23091246761099
100000.0,2.046881914138794,82.25,-0.1295226365327835,41.4375,1.0110746622085571,87.0625,1.573476791381836,86.26249694824219,0.8919168710708618,66.86250305175781,1.078765520453453,0.7323173265306661,72.775,17.278989447255388
120000.0,2.8172128200531006,81.09375,0.3623494207859039,43.72916793823242,1.3560374975204468,90.16666412353516,2.071239709854126,88.5,1.4223318099975586,62.96875,1.6058342516422273,0.8156428588012913,73.29166641235352,17.648996491942505
140000.0,3.9950976371765137,79.58000183105469,1.1491011381149292,47.56999969482422,2.1006102561950684,90.66000366210938,2.958263874053955,90.05999755859375,2.029740333557129,67.41000366210938,2.446562647819519,0.9629775725628649,75.05600128173828,16.14319013310534
160000.0,5.363177299499512,84.86000061035156,1.8123708963394165,52.5099983215332,2.720969915390014,83.87999725341797,3.7915332317352295,89.30999755859375,2.676785945892334,68.94000244140625,3.2729674577713013,1.2191278556043412,75.89999923706054,13.559673640304599
180000.0,6.392727851867676,85.55999755859375,2.262070417404175,58.90999984741211,3.5073156356811523,79.18000030517578,4.4650397300720215,98.11000061035156,3.442649602890014,66.75,4.013960647583008,1.3794354357713667,77.70199966430664,13.809450917251834
200000.0,7.173702239990234,80.43000030517578,2.623142719268799,65.94000244140625,3.960373878479004,82.98999786376953,5.134100437164307,82.61000061035156,4.247616767883301,65.05999755859375,4.6277872085571286,1.5064266379948164,75.40599975585937,8.140025844613756
220000.0,8.273821830749512,78.0199966430664,3.1296558380126958,69.76000213623047,4.780343055725098,76.75,5.973423957824707,82.73999786376953,5.044088840484619,62.13999938964844,5.440266704559326,1.6878785506513798,73.88199920654297,7.192746500398695
240000.0,9.180299758911133,73.87000274658203,3.510727643966675,72.4800033569336,5.259796142578125,60.369998931884766,7.0298752784729,70.77999877929688,5.662347316741943,65.93000030517578,6.128609228134155,1.8947630947165301,68.68600082397461,4.947819417065496
260000.0,9.786677360534668,68.80000305175781,3.976125240325928,63.369998931884766,6.04926872253418,57.0,7.73232889175415,69.29000091552734,6.430025100708008,66.7300033569336,6.794885063171387,1.9216709156789529,65.0380012512207,4.527399378676035
280000.0,10.378339767456056,66.55000305175781,4.609050750732422,71.29000091552734,6.899051666259766,58.470001220703125,8.172999382019043,76.55000305175781,7.226275444030762,62.34999847412109,7.457143402099609,1.8720168877125822,67.04200134277343,6.390363623437164
300000.0,10.708182334899902,65.3499984741211,5.500311374664307,68.98999786376953,7.365468025207519,57.060001373291016,9.091540336608888,76.87999725341797,7.861626625061035,57.52999877929688,8.10542573928833,1.7401356369285912,65.1619987487793,7.428192176867899
320000.0,11.706098556518556,63.16999816894531,6.198307991027832,58.04999923706055,7.988998889923096,55.150001525878906,10.083537101745604,78.06999969482422,8.446549415588379,60.209999084472656,8.884698390960693,1.8766170973491962,62.92999954223633,8.012719620259519
340000.0,12.56572723388672,61.02000045776367,7.251802444458008,48.9900016784668,8.825571060180664,52.86000061035156,10.514439582824709,81.98999786376953,8.894767761230469,66.26000213623047,9.610461616516114,1.8023493003652942,62.22400054931641,11.586688878498313
360000.0,12.9581880569458,58.72999954223633,7.899683952331543,42.59999847412109,9.21358871459961,55.81999969482422,10.70324993133545,79.4800033569336,9.330877304077148,66.69999694824219,10.02111759185791,1.7158497996531346,60.66599960327149,12.19826273982806
380000.0,13.266921043395996,59.970001220703125,8.503686904907227,45.52999877929688,10.00857639312744,58.150001525878906,11.116829872131348,81.87999725341797,9.356534957885742,67.19000244140625,10.450509834289551,1.6467155313896091,62.544000244140626,11.92371635283419
400000.0,13.848928451538086,59.29999923706055,9.10409927368164,39.86000061035156,10.594700813293455,55.540000915527344,12.114897727966309,70.76000213623047,9.82686996459961,67.43000030517578,11.097899246215821,1.6997888120891662,58.57800064086914,10.833958721874529
420000.0,14.58871364593506,59.16999816894531,9.812106132507324,41.380001068115234,11.571002960205078,55.650001525878906,12.661508560180664,67.6500015258789,9.696703910827637,69.27999877929688,11.666007041931152,1.8361572016364156,58.626000213623044,10.015161242962405
440000.0,14.893716812133787,59.15999984741211,10.122591972351074,44.18000030517578,11.899550437927246,55.400001525878906,12.93310832977295,66.05999755859375,9.620165824890137,68.79000091552734,11.893826675415038,1.917617583746684,58.71800003051758,8.693768382685056
460000.0,15.022930145263672,55.75,10.85824966430664,45.150001525878906,12.30883502960205,51.04999923706055,13.504541397094728,68.12000274658203,9.566720962524414,68.16000366210938,12.2522554397583,1.9185102148834468,57.64600143432617,9.203271445221873
480000.0,15.306113243103027,58.66999816894531,11.299886703491213,46.66999816894531,12.749785423278809,52.40999984741211,14.11156940460205,66.54000091552734,9.6459379196167,72.12000274658203,12.62265853881836,2.002225608370043,59.28199996948242,9.210368226471216
500000.0,15.612235069274902,58.45000076293945,11.837453842163086,47.18999862670898,12.911215782165527,47.75,14.644079208374023,63.66999816894531,9.599737167358398,66.47000122070312,12.920944213867188,2.1173900420769796,56.705999755859374,7.970429688951224
520000.0,15.3737211227417,58.34000015258789,12.269556999206545,47.02999877929688,13.287298202514648,45.720001220703125,14.402017593383787,66.62000274658203,9.474562644958496,69.68000030517578,12.961431312561036,2.0316280841410066,57.47800064086914,9.804277992089407
540000.0,15.296172142028809,60.66999816894531,12.586164474487305,43.33000183105469,13.280808448791504,45.59999847412109,14.940103530883787,64.87999725341797,9.3805570602417,74.5199966430664,13.096761131286621,2.113767965269265,57.7999984741211,11.799512045699384
560000.0,15.32834815979004,57.369998931884766,12.915156364440918,40.97999954223633,13.666180610656738,43.11000061035156,15.23202133178711,62.369998931884766,9.592547416687012,71.1500015258789,13.346850776672364,2.091091831000996,54.99599990844727,11.477706624555971
580000.0,15.616122245788574,56.95000076293945,12.909523010253906,43.119998931884766,13.798500061035156,44.68000030517578,15.605907440185549,57.2400016784668,9.729736328125,63.31999969482422,13.531957817077636,2.1707310525583887,53.0620002746582,7.834540316053524
600000.0,15.655806541442873,58.15999984741211,13.206413269042969,39.47999954223633,13.92414093017578,42.630001068115234,15.588528633117676,55.11000061035156,9.927700996398926,62.25,13.660518074035645,2.0932287167623773,51.52600021362305,8.900608005917364
620000.0,15.78536605834961,59.33000183105469,13.19191551208496,37.880001068115234,14.548749923706056,42.810001373291016,15.783276557922363,59.5,9.543179512023926,64.29000091552734,13.770497512817382,2.3204148838794683,52.762001037597656,10.411054375381664
640000.0,16.19794273376465,57.36000061035156,13.472248077392578,35.08000183105469,14.59103298187256,41.220001220703125,16.208053588867188,55.4900016784668,9.63600730895996,62.09999847412109,14.021056938171387,2.4239022349888706,50.25000076293945,10.296619955170831
660000.0,16.11456298828125,57.290000915527344,13.648344993591309,36.36000061035156,14.87765407562256,41.61000061035156,16.327800750732422,52.560001373291016,10.140915870666504,52.31999969482422,14.221855735778808,2.255233973063213,48.02800064086914,7.772745778802677
680000.0,16.286958694458008,58.84000015258789,14.002344131469728,41.52000045776367,14.77587890625,40.310001373291016,15.909784317016602,53.11000061035156,10.54898166656494,55.4900016784668,14.304789543151855,2.0457025194014404,49.854000854492185,7.532034410346443
700000.0,16.161121368408203,62.08000183105469,14.424394607543944,40.52000045776367,15.219903945922852,40.75,15.756206512451172,52.52999877929688,10.330517768859863,56.16999816894531,14.378428840637207,2.1058034671393275,50.40999984741211,8.54387040412866
720000.0,15.986346244812012,62.58000183105469,14.710322380065918,41.84000015258789,15.734760284423828,41.220001220703125,16.07159423828125,55.08000183105469,11.162850379943848,54.220001220703125,14.733174705505371,1.8500117536391998,50.9880012512207,8.254265790338302
740000.0,15.996211051940918,59.810001373291016,14.84296417236328,45.77999877929688,15.813855171203612,41.27000045776367,16.135574340820312,48.83000183105469,11.608750343322754,51.29999923706055,14.879471015930175,1.696875015332841,49.39800033569336,6.18876894069767
760000.0,15.798744201660156,59.02000045776367,15.024938583374023,46.709999084472656,15.701865196228027,45.7599983215332,15.42609405517578,48.68000030517578,11.989228248596191,54.58000183105469,14.788174057006836,1.4250038960357414,50.95,5.066921046995486
780000.0,16.251754760742188,57.77000045776367,15.455280303955078,47.7400016784668,16.152076721191406,48.290000915527344,15.110631942749023,45.810001373291016,12.035070419311523,50.34000015258789,15.000962829589843,1.5430160801310642,49.99000091552735,4.149115208885128
800000.0,15.894841194152832,59.18999862670898,15.57481575012207,48.25,16.743003845214844,48.25,15.393726348876951,44.84000015258789,11.956548690795898,52.220001220703125,15.112587165832519,1.6445943739123112,50.55,4.911671377527801
820000.0,15.99191665649414,55.040000915527344,15.547636985778809,47.209999084472656,16.845178604125977,51.61000061035156,15.061850547790527,45.02000045776367,12.30658721923828,48.400001525878906,15.150634002685546,1.5383974705358123,49.45600051879883,3.51165287813646
840000.0,16.292724609375,54.959999084472656,15.6012601852417,50.54999923706055,16.993555068969727,51.52000045776367,15.37906265258789,43.380001068115234,12.3789701461792,46.79999923706055,15.329114532470703,1.5797985093577807,49.44199981689453,3.9930454840779954
860000.0,16.1539249420166,54.0,15.552845001220703,52.52000045776367,17.265483856201172,52.34000015258789,15.323193550109863,46.650001525878906,12.626476287841797,48.56999969482422,15.384384727478027,1.5342039146938034,50.816000366210936,2.748239825138084
880000.0,16.12677574157715,55.630001068115234,15.161020278930664,54.40999984741211,17.392194747924805,51.22999954223633,16.06415557861328,49.2400016784668,12.556854248046877,48.90999984741211,15.460200119018555,1.6162063189512383,51.88400039672852,2.7083692459509274
900000.0,15.790441513061523,53.08000183105469,14.878918647766112,53.34000015258789,17.219663619995117,51.04999923706055,16.7342472076416,48.66999816894531,12.587746620178224,52.220001220703125,15.442203521728516,1.6380003075633636,51.672000122070315,1.7008173885477287
920000.0,15.925237655639648,52.70000076293945,14.70141887664795,53.84000015258789,16.970693588256836,53.20000076293945,16.789710998535156,48.84000015258789,12.563837051391602,53.63999938964844,15.390179634094238,1.6251525012485957,52.444000244140625,1.8441865095700964
940000.0,16.03632354736328,52.83000183105469,14.83740520477295,51.380001068115234,17.29385757446289,53.58000183105469,17.530546188354492,45.470001220703125,12.430499076843262,62.59000015258789,15.625726318359375,1.8660395500758395,53.17000122070313,5.504801186390382
960000.0,16.129735946655273,51.130001068115234,14.818044662475586,49.380001068115234,17.383716583251953,50.2400016784668,16.9329776763916,47.310001373291016,12.72610569000244,57.130001068115234,15.59811611175537,1.679869007872329,51.038001251220706,3.298626282272321
980000.0,16.235258102416992,49.18999862670898,14.8037748336792,47.27000045776367,17.333023071289062,54.290000915527344,16.383798599243164,44.83000183105469,12.476788520812988,55.63999938964844,15.44652862548828,1.6906755579777977,50.24400024414062,4.11713252560562
1000000.0,16.442054748535156,49.369998931884766,15.45431137084961,45.470001220703125,17.585838317871094,51.93000030517578,15.53710651397705,42.86000061035156,12.524609565734863,55.66999816894531,15.508784103393555,1.6789410600556804,49.05999984741211,4.546496685359687
1020000.0,16.749853134155273,51.52999877929688,15.32801628112793,44.220001220703125,17.685922622680664,54.29999923706055,15.355003356933594,41.560001373291016,12.195257186889648,49.27000045776367,15.462810516357422,1.860397955691146,48.17600021362305,4.6769835500895995
1040000.0,16.949565887451172,49.150001525878906,15.276315689086914,42.40999984741211,17.758651733398438,48.93000030517578,15.433239936828612,41.290000915527344,12.035632133483888,46.56999969482422,15.490681076049805,1.962582533024312,45.67000045776367,3.266802872393825
1060000.0,17.39063262939453,48.70000076293945,15.3303804397583,43.41999816894531,17.473857879638672,47.5,15.54946517944336,45.83000183105469,12.31279754638672,46.15999984741211,15.611426734924317,1.8760599223679368,46.322000122070314,1.7738372249825713
1080000.0,17.105876922607422,49.630001068115234,15.337769508361816,41.61000061035156,17.00406265258789,48.09999847412109,15.48870849609375,43.84999847412109,12.32933235168457,45.18000030517578,15.45314998626709,1.7268265750266103,45.67399978637695,2.8852217020993165
1100000.0,17.133207321166992,52.20000076293945,15.32861042022705,40.18000030517578,16.86196517944336,41.45000076293945,16.056442260742188,47.33000183105469,12.064667701721191,45.369998931884766,15.488978576660156,1.8254981962335461,45.306000518798825,4.3074941388782655
1120000.0,17.1334285736084,52.2599983215332,15.165879249572754,41.02999877929688,16.608577728271484,37.11000061035156,16.040611267089844,45.650001525878906,11.988558769226074,44.15999984741211,15.387411117553711,1.8203169469956084,44.04199981689453,5.044994671464855
1140000.0,17.286510467529297,49.25,15.359039306640623,41.09999847412109,16.132118225097656,36.970001220703125,16.304004669189453,48.16999816894531,11.638629913330078,42.52999877929688,15.344060516357422,1.9517212843886735,43.603999328613284,4.564188807361016
1160000.0,17.05353355407715,50.27000045776367,15.532971382141112,40.93999862670898,16.492860794067383,36.59999847412109,15.727294921875,51.75,11.725180625915527,42.72999954223633,15.306368255615235,1.8715653447521516,44.45799942016602,5.728230451828344
1180000.0,16.877321243286133,46.93999862670898,15.512809753417969,40.650001525878906,16.267927169799805,39.369998931884766,15.124648094177246,52.04999923706055,11.385224342346191,38.15999984741211,15.033586120605468,1.922053499082294,43.433999633789064,5.265155249725499
1200000.0,17.16254425048828,44.52000045776367,15.492902755737305,38.08000183105469,16.544584274291992,39.970001220703125,14.629590034484863,50.95000076293945,11.156847953796388,38.68999862670898,14.997293853759766,2.107713259386961,42.44200057983399,4.814965901863644
1220000.0,16.98920440673828,43.150001525878906,15.683208465576172,39.54999923706055,16.2098331451416,42.34999847412109,14.065489768981934,42.880001068115234,10.78704833984375,44.41999816894531,14.746956825256348,2.199523632042819,42.46999969482422,1.6108259143509664
1240000.0,16.76458168029785,40.18000030517578,15.47482204437256,37.650001525878906,15.95309352874756,43.5,13.715392112731934,40.7599983215332,10.595537185668944,44.13999938964844,14.50068531036377,2.193195206324743,41.24599990844727,2.3562472906723775
1260000.0,16.182266235351562,42.70000076293945,15.511270523071287,40.400001525878906,16.033689498901367,41.58000183105469,13.557247161865234,38.369998931884766,11.010519981384276,44.65999984741211,14.458998680114746,1.9627398915518586,41.54200057983398,2.118021918942824
1280000.0,16.368144989013672,44.0099983215332,15.27342128753662,38.119998931884766,15.960254669189451,39.18999862670898,13.906760215759276,35.279998779296875,11.37042236328125,43.27999877929688,14.575800704956055,1.8076476857163408,39.97599868774414,3.2651038568543234
1300000.0,16.534460067749023,46.18000030517578,14.378918647766112,33.70000076293945,15.592123985290527,40.040000915527344,13.462109565734863,37.709999084472656,11.277501106262209,42.45000076293945,14.249022674560546,1.816215342112695,40.01600036621094,4.2220687371265
1320000.0,16.423582077026367,48.970001220703125,14.392792701721191,34.72999954223633,15.622048377990724,40.54999923706055,13.163233757019045,34.38999938964844,10.687482833862305,38.72999954223633,14.057827949523926,2.015703574128392,39.47399978637695,5.295997597662209
1340000.0,16.485708236694336,52.15999984741211,14.253459930419922,32.2599983215332,15.625231742858888,38.43000030517578,13.981764793395996,33.20000076293945,10.493915557861328,31.670000076293945,14.168016052246093,2.0511547606848004,37.5439998626709,7.690348838559192
1360000.0,16.80880355834961,53.02000045776367,14.094408988952637,30.350000381469727,15.985600471496582,40.02000045776367,14.19986057281494,33.68000030517578,10.474676132202148,28.540000915527344,14.312669944763183,2.1826561739605252,37.122000503540036,8.860055013674405
1380000.0,16.65636444091797,53.20000076293945,13.926207542419434,30.549999237060547,16.182605743408203,45.65999984741211,14.012645721435549,35.439998626708984,10.33752727508545,29.700000762939453,14.22307014465332,2.235645326466748,38.90999984741211,9.127115951696014
1400000.0,16.8032169342041,49.5099983215332,13.86737060546875,31.809999465942383,16.32408905029297,50.68999862670898,13.46377658843994,38.18000030517578,9.766850471496582,29.59000015258789,14.045060729980468,2.5089417602262514,39.95599937438965,8.757431848429972
1420000.0,16.304706573486328,48.369998931884766,14.38312530517578,33.20000076293945,16.340557098388672,49.150001525878906,13.992179870605469,35.459999084472656,10.210195541381836,31.540000915527344,14.246152877807617,2.2359064252725664,39.544000244140626,7.631027632015372
1440000.0,15.747821807861328,44.650001525878906,14.623834609985352,35.20000076293945,16.394329071044922,47.27000045776367,14.01116180419922,36.27000045776367,10.403331756591797,33.58000183105469,14.236095809936524,2.0897034849359932,39.39400100708008,5.491967092027894
1460000.0,15.616747856140137,43.20000076293945,15.115622520446776,36.13999938964844,17.099252700805664,45.52000045776367,13.368657112121582,39.5,9.951299667358398,35.310001373291016,14.230315971374512,2.449048612590975,39.934000396728514,3.9454865866914526
1480000.0,15.913116455078123,42.90999984741211,14.955339431762695,36.16999816894531,16.816238403320312,40.56999969482422,12.30353546142578,39.9900016784668,9.969107627868652,41.040000915527344,13.991467475891113,2.515138484116359,40.136000061035155,2.2113857455289807
1500000.0,16.314769744873047,43.310001373291016,15.506457328796388,37.040000915527344,16.862041473388672,38.52999877929688,11.64578342437744,40.7599983215332,9.538522720336914,38.560001373291016,13.973514938354493,2.872715160265455,39.64000015258789,2.1854885633701846
1520000.0,16.789188385009766,45.720001220703125,15.5416259765625,47.40999984741211,16.91913414001465,32.9900016784668,11.07683563232422,38.880001068115234,9.588562965393066,41.11000061035156,13.98306941986084,3.0555444697832965,41.22200088500976,5.133939156612039
1540000.0,16.752317428588867,46.47999954223633,15.479680061340332,52.36000061035156,16.86975860595703,34.08000183105469,10.713850021362305,35.130001068115234,8.249271392822266,38.9900016784668,13.61297550201416,3.4963106313202075,41.40800094604492,6.994727162103344
1560000.0,17.381179809570312,50.959999084472656,15.785649299621582,49.79999923706055,16.75714874267578,34.290000915527344,10.710740089416504,32.779998779296875,8.273189544677734,36.72999954223633,13.781581497192382,3.6221497775172184,40.91199951171875,7.841278717104251
1580000.0,17.555147171020508,49.13999938964844,15.424450874328612,51.02999877929688,16.37628173828125,35.45000076293945,10.954804420471191,32.349998474121094,8.361418724060059,38.4900016784668,13.734420585632325,3.4936799909826464,41.29199981689453,7.461357190404722
1600000.0,17.31529998779297,50.40999984741211,15.61619758605957,51.18000030517578,16.401268005371094,36.43999862670898,10.972362518310549,30.799999237060547,8.278044700622559,38.77999877929688,13.716634559631348,3.489277231304258,41.52199935913086,8.007248218899106
1620000.0,17.151317596435547,49.130001068115234,15.550629615783691,48.84999847412109,15.915738105773926,36.63999938964844,11.174344062805176,31.40999984741211,8.418985366821289,33.41999816894531,13.642202949523925,3.301432096935402,39.88999938964844,7.615681488140746
1640000.0,17.252168655395508,46.459999084472656,15.881938934326172,43.70000076293945,15.88161849975586,36.36000061035156,11.60766315460205,28.489999771118164,8.405786514282227,29.32999992370605,13.805835151672364,3.30117504710968,36.86800003051758,7.293189661959497
1660000.0,17.566320419311523,47.9900016784668,15.503559112548828,41.869998931884766,15.860246658325195,36.41999816894531,11.969887733459473,29.899999618530277,8.631433486938477,31.5,13.9062894821167,3.204334654247309,37.53599967956543,6.694131097426872
1680000.0,17.713546752929688,43.66999816894531,15.401296615600586,44.0099983215332,16.09579086303711,33.95000076293945,11.906416893005373,29.270000457763672,8.79623031616211,32.02000045776367,13.982656288146973,3.212699990951458,36.58399963378906,6.1093281828350285
1700000.0,17.396347045898438,45.2599983215332,14.97134017944336,40.380001068115234,15.973224639892578,38.619998931884766,11.738044738769531,28.290000915527344,8.813080787658691,36.81999969482422,13.77840747833252,3.1031386295404886,37.873999786376956,5.556140424070334
1720000.0,17.087696075439453,45.45000076293945,14.992088317871094,38.380001068115234,16.475717544555664,36.959999084472656,12.416935920715332,34.209999084472656,8.628819465637207,38.380001068115234,13.92025146484375,3.097455623982451,38.67600021362305,3.713546563360682
1740000.0,17.527740478515625,40.09999847412109,14.915607452392578,37.84000015258789,16.58196449279785,38.900001525878906,12.310766220092772,34.2599983215332,8.905304908752441,39.63999938964844,14.048276710510255,3.122422334175072,38.1479995727539,2.0886975594552775
1760000.0,16.975427627563477,39.84000015258789,14.666616439819336,35.06999969482422,16.785863876342773,40.33000183105469,12.49374771118164,36.290000915527344,8.704075813293457,42.16999816894531,13.925146293640136,3.077212314558483,38.74000015258789,2.6447832180095934
1780000.0,16.723766326904297,37.130001068115234,14.872493743896484,37.65999984741211,17.211210250854492,42.18000030517578,12.622095108032228,35.54999923706055,8.976043701171875,40.66999816894531,14.081121826171875,3.019863395663632,38.6379997253418,2.4265645060209806
1800000.0,16.662521362304688,37.38999938964844,14.796682357788086,30.86000061035156,17.02887535095215,42.43000030517578,12.474509239196776,36.4900016784668,8.789405822753906,40.36000061035156,13.950398826599121,3.0450918224177825,37.50600051879883,3.9396983414323645
1820000.0,16.446876525878906,34.290000915527344,14.516230583190918,31.809999465942383,17.087308883666992,44.43999862670898,12.819843292236328,39.72999954223633,8.556597709655762,44.56999969482422,13.88537139892578,3.057543937855066,38.967999649047854,5.196661619420288
1840000.0,16.415307998657227,33.5,14.58340072631836,36.790000915527344,16.729833602905273,39.4900016784668,12.22296905517578,32.2400016784668,8.50088119506836,41.290000915527344,13.690478515625,3.051071598588414,36.662001037597655,3.4346668938208804
1860000.0,15.685712814331056,35.119998931884766,13.723644256591797,39.38999938964844,16.08736801147461,38.88999938964844,13.113151550292969,34.189998626708984,8.455759048461914,43.060001373291016,13.413127136230468,2.7231641344199784,38.12999954223633,3.195428870321498
1880000.0,15.67518424987793,32.77000045776367,13.65373992919922,40.470001220703125,15.706992149353027,37.33000183105469,13.268507957458496,31.420000076293945,7.911507129669189,40.58000183105469,13.243186283111573,2.84889282127781,36.514001083374026,3.816137925484522
1900000.0,15.984319686889648,33.83000183105469,13.617136001586914,35.220001220703125,15.395559310913086,35.04999923706055,13.334699630737305,32.27000045776367,7.622094631195068,37.16999816894531,13.190761852264405,2.962352606539406,34.70800018310547,1.622052173307459
1920000.0,15.568279266357422,35.970001220703125,13.569767951965332,35.540000915527344,15.98769187927246,35.7400016784668,13.89138412475586,33.20000076293945,7.387901782989502,35.34000015258789,13.281005001068115,3.090061153979691,35.15800094604492,1.0010875789352784
1940000.0,15.791484832763672,34.36000061035156,14.370935440063477,35.43000030517578,15.993701934814451,34.369998931884766,13.99822998046875,28.88999938964844,7.209259033203125,40.619998931884766,13.472722244262695,3.2263265570684534,34.73399963378906,3.7297215795763776
1960000.0,16.051647186279297,34.310001373291016,14.699335098266602,33.25,16.131488800048828,31.540000915527344,13.84805679321289,26.899999618530277,7.28297233581543,29.049999237060547,13.60270004272461,3.273954225722264,31.010000228881836,2.7174332065604356
1980000.0,16.101055145263672,34.599998474121094,14.56393814086914,29.40999984741211,16.491661071777344,30.40999984741211,13.8286771774292,27.309999465942383,7.301168918609619,30.09000015258789,13.657300090789795,3.324373838016674,30.363999557495116,2.377305639931937
2000000.0,15.948744773864746,36.630001068115234,15.087108612060549,29.350000381469727,17.099597930908203,28.479999542236328,13.630938529968262,25.59000015258789,7.407651424407959,32.619998931884766,13.834808254241944,3.4072200753051223,30.53400001525879,3.783557268885212
2020000.0,15.447681427001951,43.7599983215332,15.08283233642578,31.75,17.261035919189453,29.690000534057617,13.491832733154297,25.920000076293945,7.244950771331787,30.36000061035156,13.705666637420654,3.445531194469951,32.295999908447264,6.048372928258091
2040000.0,15.47033977508545,41.97999954223633,15.489006042480469,32.38999938964844,17.257322311401367,32.31999969482422,13.719684600830078,25.86000061035156,7.538824558258057,38.06999969482422,13.895035457611083,3.369257001930284,34.123999786376956,5.510762261775656
2060000.0,15.264577865600586,40.040000915527344,15.05427360534668,34.33000183105469,17.1807804107666,32.119998931884766,13.499159812927246,25.290000915527344,7.581449508666992,28.649999618530277,13.716048240661621,3.2824838866089086,32.08600044250488,5.025823969996725
2080000.0,15.214731216430664,40.43000030517578,14.972811698913574,35.25,17.167207717895508,31.899999618530277,13.93847370147705,26.739999771118164,7.552422523498535,29.88999938964844,13.769129371643066,3.279075291106333,32.84199981689453,4.694939653431695
2100000.0,15.144963264465332,42.43000030517578,15.47732162475586,39.18000030517578,17.659717559814453,32.5,13.77349090576172,28.600000381469727,7.128331184387207,33.619998931884766,13.836764907836914,3.5784036352047033,35.265999984741214,4.928243605828694
2120000.0,15.16434097290039,41.5099983215332,15.730695724487305,43.0,17.306459426879883,33.779998779296875,14.005383491516112,29.90999984741211,6.602124214172363,34.58000183105469,13.761800765991211,3.734396130102965,36.555999755859375,4.936543425089508
2140000.0,15.060070991516112,34.189998626708984,15.713403701782228,39.400001525878906,17.194908142089844,35.279998779296875,14.024060249328612,30.81999969482422,6.828513145446777,36.5,13.764191246032714,3.6171733314044094,35.237999725341794,2.811892536134109
2160000.0,14.892041206359863,33.09000015258789,15.980672836303713,38.400001525878906,17.38450813293457,35.119998931884766,13.583269119262695,32.54999923706055,6.726853847503662,28.100000381469727,13.7134690284729,3.710404756748963,33.452000045776366,3.3720465216092923
2180000.0,14.894994735717772,33.79999923706055,16.221622467041016,38.02999877929688,17.906421661376953,34.060001373291016,14.138195991516112,37.68999862670898,6.857752799987793,34.95000076293945,14.00379753112793,3.795457106896059,35.705999755859374,1.8028258990177601
2200000.0,14.939562797546388,37.290000915527344,16.374401092529297,40.27000045776367,17.308313369750977,35.189998626708984,13.808392524719238,46.88999938964844,7.4123735427856445,36.47999954223633,13.96860866546631,3.489816752672426,39.22399978637695,4.181021924132757
2220000.0,14.953433990478516,33.31999969482422,16.100217819213867,42.04999923706055,17.293916702270508,35.880001068115234,13.398825645446776,46.68999862670898,6.757607460021973,28.36000061035156,13.700800323486328,3.702320801319418,37.25999984741211,6.45766142474665
2240000.0,14.884509086608888,32.650001525878906,16.137697219848633,39.59000015258789,17.44863510131836,36.0,13.227129936218262,44.16999816894531,6.928986072540283,23.13999938964844,13.725391483306884,3.6732739266410466,35.10999984741211,7.103218640770881
2260000.0,15.309648513793944,34.04999923706055,16.068204879760742,42.41999816894531,17.576147079467773,36.380001068115234,13.380929946899414,41.88999938964844,7.265280723571777,24.0,13.92004222869873,3.591356396274734,35.747999572753905,6.6863719909961965
2280000.0,15.807199478149414,34.18000030517578,16.0190486907959,44.720001220703125,17.152883529663086,31.899999618530277,13.141301155090332,42.95000076293945,7.103208065032959,23.6200008392334,13.844728183746337,3.6184460238370555,35.47400054931641,7.69862761823326
2300000.0,15.664738655090332,37.15999984741211,15.94336223602295,41.790000915527344,16.55893898010254,31.049999237060547,13.027792930603027,33.439998626708984,6.833334922790527,18.34000015258789,13.605633544921876,3.5951308928678847,32.35599975585937,7.891865819263119
2320000.0,15.85260009765625,38.5,15.507438659667969,40.619998931884766,16.542264938354492,31.459999084472656,12.904091835021973,24.38999938964844,5.792949199676514,17.1200008392334,13.31986894607544,3.9600862552191285,30.41799964904785,8.759667132218748
2340000.0,15.425217628479004,37.130001068115234,15.446359634399414,37.18999862670898,16.688196182250977,30.850000381469727,13.070941925048828,26.51000022888184,6.384246826171875,17.68000030517578,13.402992439270019,3.699469025908377,29.87200012207031,7.309392138488995
2360000.0,15.18883991241455,34.599998474121094,15.470746994018556,33.97999954223633,16.90155601501465,28.729999542236328,13.54697036743164,26.350000381469727,6.830928325653076,18.399999618530277,13.587808322906493,3.5425069934331757,28.41199951171875,5.897237688821761
2380000.0,15.15683364868164,33.95000076293945,15.30957317352295,31.489999771118164,16.661832809448242,30.729999542236328,13.169452667236328,28.309999465942383,6.9178619384765625,17.959999084472656,13.443110847473145,3.447737247715306,28.487999725341798,5.563137682549329
2400000.0,14.971436500549316,32.7400016784668,15.065099716186523,28.09000015258789,16.641206741333008,31.15999984741211,13.609703063964844,26.549999237060547,6.692709445953369,17.579999923706055,13.396031093597411,3.486517863729222,27.22400016784668,5.293946355602017
2420000.0,15.09977912902832,29.700000762939453,14.66643524169922,28.989999771118164,16.548349380493164,32.939998626708984,13.640018463134766,29.799999237060547,6.96182107925415,22.149999618530277,13.383280658721924,3.34399671431859,28.715999603271484,3.554515807529493
2440000.0,15.080351829528809,29.700000762939453,14.819860458374023,30.700000762939453,16.667455673217773,32.25,13.821109771728516,28.920000076293945,7.203892707824707,22.190000534057617,13.518534088134766,3.286782010856251,28.752000427246095,3.4646061085095505
2460000.0,15.098491668701172,31.68000030517578,14.800281524658203,27.649999618530277,16.802051544189453,32.91999816894531,13.466961860656738,26.899999618530277,7.191779613494873,25.030000686645508,13.471913242340088,3.314822580240137,28.83599967956543,2.9801914010660524
2480000.0,15.172507286071776,30.96999931335449,14.796557426452637,28.96999931335449,16.367069244384766,34.22999954223633,12.876455307006836,27.21999931335449,6.85329532623291,26.38999938964844,13.213176918029784,3.3720789266217492,29.55599937438965,2.8167187171066326
2500000.0,14.99512004852295,32.65999984741211,15.321754455566406,31.059999465942383,15.88045883178711,31.8799991607666,13.18947410583496,26.239999771118164,6.494289398193359,26.559999465942383,13.176219367980957,3.460433365477922,29.679999542236327,2.7273723189611303
2520000.0,14.457712173461914,35.41999816894531,15.495012283325195,29.01000022888184,16.44390869140625,31.940000534057617,12.45516586303711,26.520000457763672,6.520382881164551,27.0,13.074436378479003,3.5345465485871403,29.977999877929687,3.323493901226175
2540000.0,14.672403335571287,36.380001068115234,15.67276096343994,30.440000534057617,16.54016876220703,29.01000022888184,12.571769714355469,23.459999084472656,7.1620941162109375,25.979999542236328,13.323839378356933,3.353014927496564,29.054000091552734,4.389431629893419
2560000.0,14.69103717803955,32.54999923706055,15.729009628295898,32.36000061035156,16.23484230041504,29.40999984741211,12.49277687072754,24.420000076293945,7.611094951629639,21.13999938964844,13.351752185821534,3.1448443497085043,27.97599983215332,4.5071792894602165
2580000.0,14.742467880249023,32.45000076293945,15.393027305603027,31.63999938964844,16.332225799560547,28.25,12.733393669128418,28.06999969482422,7.739859104156494,17.239999771118164,13.388194751739501,3.06114972295423,27.529999923706054,5.4367749056041275
2600000.0,14.892925262451172,31.690000534057617,15.797325134277344,32.79999923706055,16.47327423095703,28.61000061035156,12.744093894958496,31.670000076293945,7.843264579772949,16.1200008392334,13.550176620483398,3.118197055982988,28.178000259399415,6.188264013757623
2620000.0,14.44923210144043,32.04999923706055,15.526963233947754,35.540000915527344,16.462459564208984,29.81999969482422,12.556303977966309,29.899999618530277,7.927928447723389,17.299999237060547,13.384577465057372,3.021844468584835,28.921999740600587,6.171160406025543
2640000.0,14.676616668701172,31.989999771118164,14.748356819152832,36.91999816894531,16.211692810058594,29.40999984741211,13.103141784667969,30.809999465942383,8.309849739074707,17.600000381469727,13.409931564331055,2.7331554653057863,29.34599952697754,6.394874205300999
2660000.0,14.390727996826172,30.38999938964844,14.79293441772461,35.06999969482422,15.695752143859863,31.899999618530277,13.150385856628418,33.93000030517578,8.227514266967773,19.149999618530277,13.251462936401367,2.641926787195084,30.087999725341795,5.7025553201724
2680000.0,14.013837814331056,34.83000183105469,14.401459693908691,32.5099983215332,16.216665267944336,34.369998931884766,13.031911849975586,32.59000015258789,8.20225715637207,21.350000381469727,13.173226356506348,2.6910299047103576,31.129999923706055,4.97738877283794
2700000.0,13.62134075164795,30.920000076293945,14.23121452331543,33.810001373291016,16.656129837036133,34.93000030517578,12.87890625,27.520000457763672,7.951390266418457,20.59000015258789,13.067796325683593,2.8547988071585544,29.554000473022462,5.164713556071836
2720000.0,13.524666786193848,32.060001373291016,14.6027193069458,35.369998931884766,16.71286392211914,34.25,12.504530906677246,28.8799991607666,7.919200420379639,19.36000061035156,13.052796268463135,2.9214865968700283,29.98400001525879,5.755096924995243
2740000.0,12.77428913116455,32.79999923706055,13.656484603881836,31.989999771118164,16.982423782348633,34.279998779296875,12.981904029846191,30.290000915527344,8.043399810791016,18.65999984741211,12.887700271606445,2.8582082978144316,29.60399971008301,5.621638679442162
2760000.0,12.677491188049316,33.06999969482422,13.86581039428711,27.88999938964844,16.53784942626953,35.88999938964844,12.76820182800293,31.649999618530277,7.88101863861084,16.719999313354492,12.746074295043945,2.8037591689801302,29.043999481201173,6.679525814467683
2780000.0,12.97137451171875,34.54999923706055,13.784139633178713,29.11000061035156,16.488426208496094,36.95000076293945,12.70223617553711,31.600000381469727,7.454391956329346,13.289999961853027,12.680113697052002,2.936515194244299,29.100000190734864,8.337040323614534
2800000.0,12.557811737060549,31.32999992370605,13.361218452453612,27.229999542236328,16.547937393188477,37.83000183105469,12.934889793395996,32.209999084472656,7.6526384353637695,14.100000381469728,12.61089916229248,2.855009166664402,28.54000015258789,7.972287213313438
2820000.0,13.006957054138184,34.459999084472656,13.402795791625977,29.8700008392334,16.128847122192383,37.5099983215332,13.333547592163086,32.209999084472656,7.710206508636475,16.31999969482422,12.71647081375122,2.7438368152876973,30.073999404907227,7.325403622300614
2840000.0,13.111403465270996,33.47999954223633,13.221693992614746,29.280000686645508,16.273597717285156,39.810001373291016,13.339961051940918,26.81999969482422,7.71388053894043,19.8799991607666,12.732107353210449,2.774087276761868,29.854000091552734,6.652595911820247
2860000.0,13.780202865600586,38.869998931884766,13.362565994262695,32.06999969482422,16.171283721923828,38.47999954223633,13.111017227172852,27.18000030517578,7.817306995391846,18.8700008392334,12.848475360870362,2.7406219761234025,31.0939998626709,7.492893608271664
2880000.0,14.326071739196776,40.630001068115234,13.870421409606934,35.189998626708984,17.2286376953125,38.38999938964844,13.103235244750977,25.049999237060547,8.176966667175293,19.299999237060547,13.341066551208495,2.93558009700117,31.71199951171875,8.181233531088735
2900000.0,14.051326751708984,39.25,13.504389762878418,37.09000015258789,16.98528480529785,35.54999923706055,13.144503593444824,24.979999542236328,8.420585632324219,22.190000534057617,13.22121810913086,2.756426016835936,31.811999893188478,6.876232571466173
2920000.0,14.278569221496582,37.56999969482422,13.852633476257324,37.08000183105469,17.199052810668945,33.279998779296875,12.973857879638672,22.270000457763672,8.489775657653809,20.170000076293945,13.358777809143067,2.8175509597116934,30.07400016784668,7.410048914796631
2940000.0,14.112278938293455,34.33000183105469,14.074166297912598,38.0,17.138065338134766,34.08000183105469,12.71313190460205,24.93000030517578,8.40192985534668,17.809999465942383,13.28791446685791,2.8398820775868123,29.83000068664551,7.396645751845687
2960000.0,13.915014266967772,37.400001525878906,13.755038261413574,35.9900016784668,17.303922653198242,32.880001068115234,12.703095436096191,26.81999969482422,8.506900787353516,18.26000022888184,13.23679428100586,2.825838611344673,30.270000839233397,7.021538907450829
2980000.0,13.992137908935549,33.09000015258789,13.781013488769531,33.630001068115234,16.97649383544922,32.5,13.034597396850586,27.020000457763672,8.511478424072266,22.200000762939453,13.25914421081543,2.7283352884421834,29.68800048828125,4.431899718874989
3000000.0,13.990730285644531,30.34000015258789,12.909045219421388,31.46999931335449,16.38672637939453,34.16999816894531,13.564373970031738,25.0,8.104537010192871,23.280000686645508,12.991082572937012,2.7108453699901003,28.85199966430664,4.08005514011157
3020000.0,13.673253059387209,29.81999969482422,12.435624122619627,29.43000030517578,16.521644592285156,32.209999084472656,13.218467712402344,23.8700008392334,8.314187049865723,23.01000022888184,12.832635307312012,2.6471980239691204,27.66800003051758,3.5913023525800267
3040000.0,13.503392219543455,28.38999938964844,12.238849639892578,29.59000015258789,16.419147491455078,30.93000030517578,12.766815185546877,22.63999938964844,8.637191772460938,23.940000534057617,12.713079261779786,2.498006261144355,27.09799995422363,3.237600456850861
3060000.0,13.670475959777832,29.420000076293945,12.609457015991213,29.36000061035156,15.98880386352539,35.09000015258789,12.351288795471191,22.489999771118164,8.847297668457031,26.959999084472656,12.693464660644532,2.3121831103758868,28.663999938964842,4.083413495407409
3080000.0,13.462265968322754,23.790000915527344,12.37341022491455,29.0,15.825261116027832,35.349998474121094,12.787939071655272,25.049999237060547,8.129239082336426,29.520000457763672,12.515623092651367,2.4973818994281207,28.54199981689453,4.056862254161943
3100000.0,13.260798454284668,23.01000022888184,11.608469009399414,30.18000030517578,15.523222923278809,33.83000183105469,12.181767463684082,25.440000534057617,8.228601455688477,24.649999618530277,12.16057186126709,2.3783851161567546,27.42200050354004,3.993672573668491
3120000.0,12.830522537231444,20.3700008392334,11.389025688171388,29.739999771118164,15.239158630371094,32.95000076293945,11.63234043121338,24.84000015258789,8.212345123291016,23.059999465942383,11.860678482055665,2.277703076524132,26.19200019836426,4.55613612282274
3140000.0,12.658055305480955,19.739999771118164,11.816575050354004,27.489999771118164,15.577157974243164,34.56999969482422,11.603074073791504,24.82999992370605,8.108257293701172,23.299999237060547,11.95262393951416,2.3897585525448606,25.98599967956543,4.970121149556823
3160000.0,13.070656776428224,26.450000762939453,11.572956085205078,27.18000030517578,15.501633644104004,38.27999877929688,11.82590103149414,24.600000381469727,7.925414562225342,25.479999542236328,11.979312419891357,2.458476262903609,28.397999954223632,5.017402753060003
3180000.0,12.6808500289917,26.32999992370605,11.745935440063477,25.920000076293945,15.85161018371582,35.439998626708984,12.745327949523926,24.190000534057617,8.162869453430176,25.40999984741211,12.23731861114502,2.46416275995231,27.457999801635744,4.055225151545168
3200000.0,12.553205490112305,29.190000534057617,11.306171417236328,28.36000061035156,15.79315185546875,34.849998474121094,12.25732135772705,21.770000457763672,8.749030113220215,23.229999542236328,12.131776046752929,2.268198856740677,27.479999923706053,4.662230776625588
3220000.0,12.53085708618164,29.030000686645508,12.00486660003662,27.670000076293945,15.572750091552734,35.7400016784668,12.790287971496582,21.5,8.952269554138184,19.96999931335449,12.370206260681153,2.110655287711515,26.78200035095215,5.663757103706496
3240000.0,13.082297325134276,30.290000915527344,12.447653770446776,25.25,15.499239921569824,36.91999816894531,13.018956184387209,19.209999084472656,9.071722030639648,25.59000015258789,12.623973846435547,2.063143630155704,27.45199966430664,5.898197437302375
3260000.0,13.519453048706056,30.81999969482422,12.13851833343506,24.5,15.966460227966309,38.59000015258789,12.706646919250488,20.38999938964844,8.712656021118164,24.1200008392334,12.608746910095215,2.345798283620431,27.68400001525879,6.400276936757325
3280000.0,12.914607048034668,32.619998931884766,11.802983283996582,23.739999771118164,15.881771087646484,38.33000183105469,12.71168613433838,23.850000381469727,8.52759075164795,21.25,12.367727661132813,2.3592996161414916,27.95800018310547,6.4649378468936325
3300000.0,13.464921951293944,28.06999969482422,11.64139175415039,22.020000457763672,14.579092025756836,33.970001220703125,12.198716163635254,24.700000762939453,7.937752723693848,20.82999992370605,11.964374923706055,2.256603961351597,25.918000411987304,4.733529205441733
3320000.0,13.070500373840332,27.8700008392334,11.316396713256836,23.90999984741211,15.060351371765137,34.060001373291016,12.076128005981444,25.84000015258789,7.063741683959961,18.950000762939453,11.717423629760741,2.6439451444227915,26.126000595092773,4.949289532001772
3340000.0,13.392536163330078,28.8799991607666,10.76498031616211,22.209999084472656,15.328782081604004,32.369998931884766,12.286419868469238,25.540000915527344,6.418311595916748,19.200000762939453,11.638206005096436,3.004264570241674,25.639999771118163,4.669881721322121
3360000.0,12.962937355041504,28.1299991607666,10.097511291503906,23.540000915527344,15.955425262451172,29.940000534057617,11.961745262145996,27.190000534057617,6.097164154052734,15.56999969482422,11.414956665039062,3.265751263424193,24.87400016784668,5.09850420527089
3380000.0,13.07848834991455,28.649999618530277,10.312556266784668,24.200000762939453,15.682321548461914,30.170000076293945,11.883026123046877,25.799999237060547,5.886800765991211,12.84000015258789,11.368638610839843,3.2545935907237307,24.33199996948242,6.114995856874321
3400000.0,13.354165077209473,25.770000457763672,10.647168159484863,24.51000022888184,15.377275466918944,29.75,11.379892349243164,22.450000762939453,6.297391414642334,14.81999969482422,11.411178493499756,3.0410731976798555,23.460000228881835,4.932999216051438
3420000.0,13.29043674468994,26.899999618530277,10.728388786315918,28.15999984741211,15.83002471923828,31.489999771118164,11.164690017700195,21.1299991607666,6.942317485809326,15.640000343322754,11.591171550750733,2.9459634450241,24.66399974822998,5.616719929601108
3440000.0,12.911968231201172,26.040000915527344,10.82192611694336,27.850000381469727,16.076576232910156,31.8799991607666,11.100427627563477,20.670000076293945,7.492988109588623,17.6200008392334,11.680777263641357,2.8089460218347884,24.812000274658203,5.090678933097071
3460000.0,11.960857391357422,23.200000762939453,10.892346382141112,33.880001068115234,15.586261749267578,29.1200008392334,11.606532096862791,20.149999618530277,8.056828498840332,18.809999465942383,11.620565223693848,2.411359232724625,25.03200035095215,5.672782621218883
3480000.0,11.951894760131836,23.729999542236328,11.542949676513672,32.540000915527344,15.78351593017578,31.530000686645508,11.912790298461914,19.520000457763672,9.171046257019045,20.440000534057617,12.072439384460449,2.1218175885810213,25.552000427246092,5.484631103189525
3500000.0,11.774460792541504,23.46999931335449,11.322936058044434,31.989999771118164,15.413963317871094,28.68000030517578,12.069662094116213,20.200000762939453,9.673909187316896,19.780000686645508,12.050986289978027,1.8744056294593017,24.82400016784668,4.793264168603161
3520000.0,11.492109298706056,26.6200008392334,10.692291259765623,32.59000015258789,14.87459945678711,28.31999969482422,12.61087417602539,21.790000915527344,9.440441131591797,19.1299991607666,11.822063064575195,1.8437775487052068,25.690000152587892,4.7672928571904105
3540000.0,11.07318878173828,24.5,10.437077522277832,29.170000076293945,15.139967918395996,27.600000381469727,12.842499732971191,22.38999938964844,9.578944206237791,20.239999771118164,11.81433563232422,1.9778809318897288,24.779999923706054,3.2749536734762574
3560000.0,12.00130844116211,22.559999465942383,10.323347091674805,27.280000686645508,14.8364839553833,27.56999969482422,12.450373649597168,23.549999237060547,9.856810569763184,23.040000915527344,11.893664741516114,1.766146615562061,24.8,2.167994593736833
3580000.0,13.32522201538086,24.26000022888184,10.494823455810549,21.649999618530277,15.184130668640137,30.190000534057617,12.579389572143556,21.420000076293945,9.977336883544922,27.0,12.312180519104004,1.902631488788048,24.904000091552735,3.330961641996092
3600000.0,14.014841079711914,24.57999992370605,11.126233100891112,22.63999938964844,14.793161392211914,28.43000030517578,12.385845184326172,23.920000076293945,9.761238098144531,26.690000534057617,12.416263771057128,1.839530236631621,25.252000045776366,2.059897403436213
3620000.0,14.140419960021973,22.239999771118164,11.174086570739746,23.65999984741211,15.07952117919922,30.020000457763672,12.34616470336914,25.739999771118164,8.967663764953613,26.350000381469727,12.341571235656739,2.166957304153593,25.602000045776368,2.6522325193678036
3640000.0,14.136774063110352,21.780000686645508,12.201576232910156,24.059999465942383,14.819331169128418,28.299999237060547,12.541041374206545,22.950000762939453,9.057236671447754,29.100000381469727,12.551191902160644,1.9994291098767285,25.238000106811523,2.928182757015738
3660000.0,14.095998764038086,20.420000076293945,12.196755409240724,26.71999931335449,15.110041618347168,29.63999938964844,12.76364040374756,22.450000762939453,8.861475944519043,32.619998931884766,12.605582427978515,2.1309205478127398,26.36999969482422,4.486574980692229
3680000.0,13.93078327178955,22.1299991607666,12.373697280883787,24.01000022888184,14.824073791503906,32.5,12.38363265991211,21.780000686645508,8.615681648254395,27.25,12.42557373046875,2.12311969533559,25.53400001525879,3.9867811542781197
3700000.0,13.323559761047363,20.86000061035156,12.290428161621094,25.71999931335449,14.601543426513672,35.36000061035156,12.491141319274902,23.700000762939453,8.60937786102295,23.8799991607666,12.263210105895997,1.9997663685418032,25.904000091552735,4.97686499058614
3720000.0,12.43970012664795,19.399999618530277,11.617013931274414,26.040000915527344,14.62728786468506,33.65999984741211,12.655158996582031,23.940000534057617,8.259876251220703,25.209999084472656,11.919807434082031,2.079820222181534,25.65,4.6150276709292655
3740000.0,12.904728889465332,20.649999618530277,11.692139625549316,26.07999992370605,14.070077896118164,35.0099983215332,12.53189182281494,20.63999938964844,8.534895896911621,26.799999237060547,11.946746826171875,1.8694496903308508,25.835999298095704,5.273406830402739
3760000.0,12.989428520202637,22.600000381469727,10.488903045654297,29.540000915527344,14.25141716003418,36.29999923706055,12.1317138671875,29.09000015258789,8.376455307006836,23.6200008392334,11.64758358001709,2.0424348239334424,28.230000305175782,4.909777557368781
3780000.0,13.558932304382324,23.0,10.70357894897461,28.399999618530277,14.528164863586426,36.869998931884766,12.2000093460083,33.36000061035156,7.9470672607421875,20.0,11.78755054473877,2.3127122052212234,28.32599983215332,6.261551051242981
3800000.0,13.5540771484375,21.15999984741211,10.809298515319824,27.93000030517578,13.976571083068848,33.66999816894531,12.565503120422363,34.33000183105469,8.542285919189453,21.549999237060547,11.889547157287598,1.997715712851349,27.727999877929687,5.661111091854053
3820000.0,13.52209758758545,24.11000061035156,11.04281997680664,26.3799991607666,14.11685562133789,31.809999465942383,12.730921745300291,33.790000915527344,7.861295700073242,22.270000457763672,11.854798126220704,2.2481883525969826,27.672000122070312,4.429259072515175
3840000.0,13.52579116821289,30.209999084472656,10.97415542602539,25.59000015258789,13.614299774169922,29.209999084472656,12.510981559753418,33.70000076293945,7.597038745880127,19.459999084472656,11.64445333480835,2.2361333745498735,27.633999633789063,4.835455221521683
3860000.0,13.261099815368652,30.5,11.19842529296875,23.809999465942383,13.104717254638672,27.31999969482422,12.57294464111328,34.060001373291016,7.803344249725342,22.299999237060547,11.588106250762939,2.027076600070281,27.59799995422363,4.305208706862435
3880000.0,13.432125091552734,29.459999084472656,11.721109390258787,23.76000022888184,12.90458869934082,26.850000381469727,12.628521919250488,34.400001525878906,7.323333263397217,28.09000015258789,11.60193567276001,2.210023460968321,28.512000274658202,3.495399624101102
3900000.0,12.496936798095703,30.90999984741211,12.673720359802246,23.649999618530277,12.898887634277344,24.899999618530277,12.649234771728516,26.07999992370605,7.324220180511475,28.799999237060547,11.608599948883057,2.1460334103949172,26.867999649047853,2.6427213207345552
3920000.0,11.94097900390625,31.540000915527344,12.551151275634766,23.5,13.63998794555664,25.399999618530277,12.56710720062256,26.059999465942383,6.935445785522461,28.549999237060547,11.526934242248535,2.360049812219231,27.00999984741211,2.7823446295478185
3940000.0,11.682595252990724,28.709999084472656,12.35785675048828,22.36000061035156,13.70788860321045,28.3799991607666,12.831372261047363,24.65999984741211,7.492377758026123,29.440000534057617,11.614418125152588,2.1638928767382444,26.70999984741211,2.733744383308709
3960000.0,11.66775894165039,20.979999542236328,12.857481956481934,23.239999771118164,14.335699081420898,26.670000076293945,13.346056938171388,26.07999992370605,7.487882137298584,31.18000030517578,11.938975811004639,2.3855232866183305,25.629999923706055,3.447352863538506
3980000.0,11.696481704711914,21.299999237060547,12.328784942626951,23.049999237060547,14.65170192718506,28.270000457763672,13.171472549438477,24.030000686645508,7.025324821472168,28.270000457763672,11.774753189086914,2.572850809570037,24.98400001525879,2.821982752573652
4000000.0,11.745006561279297,22.690000534057617,11.911957740783691,22.86000061035156,14.772456169128418,28.299999237060547,13.035131454467772,23.799999237060547,7.244215488433838,21.68000030517578,11.741753482818604,2.4945866765152216,23.86599998474121,2.316821508731455
